timeStamp,elapsed,label,responseCode,responseMessage,threadName,dataType,success,failureMessage,bytes,sentBytes,grpThreads,allThreads,URL,Latency,IdleTime,Connect
1680256782583,731,https://www.google.com/complete/search?q=p&cp=1&client=gws-wiz-serp&xssi=t&hl=fr-TN&authuser=0&pq=google&psi=VqUmZILfJemrkdUP7PyLkAk.1680254295265&dpr=1.25,200,OK,Thread Group 1-1,text,true,,2798,755,1,1,https://www.google.com/complete/search?q=p&pq=google&hl=fr-TN&psi=VqUmZILfJemrkdUP7PyLkAk.1680254295265&dpr=1.25&client=gws-wiz-serp&xssi=t&cp=1&authuser=0,725,0,633
1680256783321,96,https://www.google.com/complete/search?q=ph&cp=2&client=gws-wiz-serp&xssi=t&hl=fr-TN&authuser=0&pq=google&psi=VqUmZILfJemrkdUP7PyLkAk.1680254295265&dpr=1.25,200,OK,Thread Group 1-1,text,true,,2831,756,1,1,https://www.google.com/complete/search?q=ph&pq=google&hl=fr-TN&psi=VqUmZILfJemrkdUP7PyLkAk.1680254295265&dpr=1.25&client=gws-wiz-serp&xssi=t&cp=2&authuser=0,95,0,0
1680256783418,90,https://www.google.com/complete/search?q=pha&cp=3&client=gws-wiz-serp&xssi=t&hl=fr-TN&authuser=0&pq=google&psi=VqUmZILfJemrkdUP7PyLkAk.1680254295265&dpr=1.25,200,OK,Thread Group 1-1,text,true,,2657,757,1,1,https://www.google.com/complete/search?q=pha&pq=google&hl=fr-TN&psi=VqUmZILfJemrkdUP7PyLkAk.1680254295265&dpr=1.25&client=gws-wiz-serp&xssi=t&cp=3&authuser=0,89,0,0
1680256783509,1393,https://www.google.com/search?q=pharmashop&rlz=1C1PNJJ_frTN1050TN1050&sxsrf=APwXEdcSiZBW1PpYTEzwUR_yEox7_u6fbg%3A1680254294624&ei=VqUmZILfJemrkdUP7PyLkAk&oq=pha&gs_lcp=Cgxnd3Mtd2l6LXNlcnAQAxgAMgQIIxAnMgoIABCKBRCxAxBDMg0IABCKBRCxAxDJAxBDMggIABCABBCSAzIICAAQgAQQkgMyBwgAEIoFEEMyBwgAEIoFEEMyBwgAEIoFEEMyBwgAEIoFEEMyBwguEIoFEEM6BwgjEOoCECc6DQguEMcBENEDEOoCECc6DwgAEIoFEOoCELQCEEMYAToPCC4QigUQ6gIQtAIQQxgBOgsIABCABBCxAxCDAToICC4QgAQQsQM6CwgAEIoFELEDEIMBSgQIQRgAUABY8N0CYMzpAmgCcAF4AIABYIgBhQKSAQEzmAEAoAEBsAEUwAEB2gEGCAEQARgB&sclient=gws-wiz-serp,200,OK,Thread Group 1-1,text,true,,399929,3498,1,1,https://www.google.com/search?q=pharmashop&rlz=1C1PNJJ_frTN1050TN1050&sclient=gws-wiz-serp&oq=pha&gs_lcp=Cgxnd3Mtd2l6LXNlcnAQAxgAMgQIIxAnMgoIABCKBRCxAxBDMg0IABCKBRCxAxDJAxBDMggIABCABBCSAzIICAAQgAQQkgMyBwgAEIoFEEMyBwgAEIoFEEMyBwgAEIoFEEMyBwgAEIoFEEMyBwguEIoFEEM6BwgjEOoCECc6DQguEMcBENEDEOoCECc6DwgAEIoFEOoCELQCEEMYAToPCC4QigUQ6gIQtAIQQxgBOgsIABCABBCxAxCDAToICC4QgAQQsQM6CwgAEIoFELEDEIMBSgQIQRgAUABY8N0CYMzpAmgCcAF4AIABYIgBhQKSAQEzmAEAoAEBsAEUwAEB2gEGCAEQARgB&ei=VqUmZILfJemrkdUP7PyLkAk&sxsrf=APwXEdcSiZBW1PpYTEzwUR_yEox7_u6fbg%3A1680254294624,192,0,0
1680256783509,1188,https://www.google.com/search?q=pharmashop&rlz=1C1PNJJ_frTN1050TN1050&sxsrf=APwXEdcSiZBW1PpYTEzwUR_yEox7_u6fbg%3A1680254294624&ei=VqUmZILfJemrkdUP7PyLkAk&oq=pha&gs_lcp=Cgxnd3Mtd2l6LXNlcnAQAxgAMgQIIxAnMgoIABCKBRCxAxBDMg0IABCKBRCxAxDJAxBDMggIABCABBCSAzIICAAQgAQQkgMyBwgAEIoFEEMyBwgAEIoFEEMyBwgAEIoFEEMyBwgAEIoFEEMyBwguEIoFEEM6BwgjEOoCECc6DQguEMcBENEDEOoCECc6DwgAEIoFEOoCELQCEEMYAToPCC4QigUQ6gIQtAIQQxgBOgsIABCABBCxAxCDAToICC4QgAQQsQM6CwgAEIoFELEDEIMBSgQIQRgAUABY8N0CYMzpAmgCcAF4AIABYIgBhQKSAQEzmAEAoAEBsAEUwAEB2gEGCAEQARgB&sclient=gws-wiz-serp-0,200,OK,Thread Group 1-1,text,true,,394525,1305,1,1,https://www.google.com/search?q=pharmashop&rlz=1C1PNJJ_frTN1050TN1050&sclient=gws-wiz-serp&oq=pha&gs_lcp=Cgxnd3Mtd2l6LXNlcnAQAxgAMgQIIxAnMgoIABCKBRCxAxBDMg0IABCKBRCxAxDJAxBDMggIABCABBCSAzIICAAQgAQQkgMyBwgAEIoFEEMyBwgAEIoFEEMyBwgAEIoFEEMyBwgAEIoFEEMyBwguEIoFEEM6BwgjEOoCECc6DQguEMcBENEDEOoCECc6DwgAEIoFEOoCELQCEEMYAToPCC4QigUQ6gIQtAIQQxgBOgsIABCABBCxAxCDAToICC4QgAQQsQM6CwgAEIoFELEDEIMBSgQIQRgAUABY8N0CYMzpAmgCcAF4AIABYIgBhQKSAQEzmAEAoAEBsAEUwAEB2gEGCAEQARgB&ei=VqUmZILfJemrkdUP7PyLkAk&sxsrf=APwXEdcSiZBW1PpYTEzwUR_yEox7_u6fbg%3A1680254294624,192,0,0
1680256784767,46,https://www.google.com/search?q=pharmashop&rlz=1C1PNJJ_frTN1050TN1050&sxsrf=APwXEdcSiZBW1PpYTEzwUR_yEox7_u6fbg%3A1680254294624&ei=VqUmZILfJemrkdUP7PyLkAk&oq=pha&gs_lcp=Cgxnd3Mtd2l6LXNlcnAQAxgAMgQIIxAnMgoIABCKBRCxAxBDMg0IABCKBRCxAxDJAxBDMggIABCABBCSAzIICAAQgAQQkgMyBwgAEIoFEEMyBwgAEIoFEEMyBwgAEIoFEEMyBwgAEIoFEEMyBwguEIoFEEM6BwgjEOoCECc6DQguEMcBENEDEOoCECc6DwgAEIoFEOoCELQCEEMYAToPCC4QigUQ6gIQtAIQQxgBOgsIABCABBCxAxCDAToICC4QgAQQsQM6CwgAEIoFELEDEIMBSgQIQRgAUABY8N0CYMzpAmgCcAF4AIABYIgBhQKSAQEzmAEAoAEBsAEUwAEB2gEGCAEQARgB&sclient=gws-wiz-serp-1,200,OK,Thread Group 1-1,bin,true,,4483,1120,1,1,https://www.google.com/images/branding/googlelogo/2x/googlelogo_color_92x30dp.png,45,0,0
1680256784767,135,https://www.google.com/search?q=pharmashop&rlz=1C1PNJJ_frTN1050TN1050&sxsrf=APwXEdcSiZBW1PpYTEzwUR_yEox7_u6fbg%3A1680254294624&ei=VqUmZILfJemrkdUP7PyLkAk&oq=pha&gs_lcp=Cgxnd3Mtd2l6LXNlcnAQAxgAMgQIIxAnMgoIABCKBRCxAxBDMg0IABCKBRCxAxDJAxBDMggIABCABBCSAzIICAAQgAQQkgMyBwgAEIoFEEMyBwgAEIoFEEMyBwgAEIoFEEMyBwgAEIoFEEMyBwguEIoFEEM6BwgjEOoCECc6DQguEMcBENEDEOoCECc6DwgAEIoFEOoCELQCEEMYAToPCC4QigUQ6gIQtAIQQxgBOgsIABCABBCxAxCDAToICC4QgAQQsQM6CwgAEIoFELEDEIMBSgQIQRgAUABY8N0CYMzpAmgCcAF4AIABYIgBhQKSAQEzmAEAoAEBsAEUwAEB2gEGCAEQARgB&sclient=gws-wiz-serp-2,200,OK,Thread Group 1-1,bin,true,,921,1073,1,1,https://www.google.com/tia/tia.png,135,0,110
1680256785259,3396,https://pharma-shop.tn/,200,OK,Thread Group 1-1,text,false,"The operation lasted too long: It took 3,396 milliseconds, but should not have lasted longer than 2,000 milliseconds.",7795823,66924,1,1,https://pharma-shop.tn/,252,0,126
1680256785259,452,https://pharma-shop.tn/-0,200,OK,Thread Group 1-1,text,true,,380135,494,1,1,https://pharma-shop.tn/,252,0,126
1680256785756,162,https://pharma-shop.tn/-1,200,OK,Thread Group 1-1,bin,true,,6269,520,1,1,https://pharma-shop.tn/img/favicon.ico?1647529441,157,0,83
1680256785756,2054,https://pharma-shop.tn/-2,200,OK,Thread Group 1-1,text,true,,791771,1119,1,1,https://pharma-shop.tn/themes/pharmashop/assets/cache/theme-ec13f3953.css,157,0,79
1680256785756,616,https://pharma-shop.tn/-0,200,OK,,text,true,,781344,544,0,0,https://pharma-shop.tn/themes/pharmashop/assets/cache/theme-ec13f3953.css,157,0,79
1680256787245,565,https://pharma-shop.tn/-1,200,OK,ResDownload-Thread-3,text,true,,10427,575,0,0,https://fonts.googleapis.com/css2?family=Work+Sans:wght@100;200;300;400;500;600;700;800;900&display=swap,517,0,370
1680256785756,141,https://pharma-shop.tn/-3,200,OK,Thread Group 1-1,text,true,,10028,517,1,1,https://cdn.onesignal.com/sdks/OneSignalSDK.js,112,0,65
1680256785756,188,https://pharma-shop.tn/-4,200,OK,Thread Group 1-1,text,true,,3805,510,1,1,https://pharma-shop.tn/img/cms/book.svg,183,0,113
1680256785756,43,https://pharma-shop.tn/-5,200,OK,Thread Group 1-1,bin,true,,10557,506,1,1,https://pharma-shop.tn/img/logo.png,43,0,0
1680256785757,176,https://pharma-shop.tn/-6,200,OK,Thread Group 1-1,text,true,,13699,511,1,1,https://pharma-shop.tn/img/cms/link6.svg,156,0,80
1680256785800,51,https://pharma-shop.tn/-7,200,OK,Thread Group 1-1,bin,true,,6954,515,1,1,https://pharma-shop.tn/img/cms/nutrition.png,51,0,0
1680256785851,62,https://pharma-shop.tn/-8,200,OK,Thread Group 1-1,text,true,,22469,511,1,1,https://pharma-shop.tn/img/cms/link3.svg,61,0,0
1680256785898,326,https://pharma-shop.tn/-9,200,OK,Thread Group 1-1,bin,true,,31955,528,1,1,https://pharma-shop.tn/img/cms/menu/menu-right-visage.jpg,179,0,99
1680256785913,82,https://pharma-shop.tn/-10,200,OK,Thread Group 1-1,bin,true,,122508,521,1,1,https://pharma-shop.tn/img/cms/bioxine-siteweb.png,40,0,0
1680256785918,171,https://pharma-shop.tn/-11,200,OK,Thread Group 1-1,bin,true,,87261,511,1,1,https://pharma-shop.tn/img/cms/LAINO.PNG,49,0,0
1680256785933,233,https://pharma-shop.tn/-12,200,OK,Thread Group 1-1,bin,true,,120110,513,1,1,https://pharma-shop.tn/img/cms/klorane.png,54,0,0
1680256785944,267,https://pharma-shop.tn/-13,200,OK,Thread Group 1-1,bin,true,,95277,511,1,1,https://pharma-shop.tn/img/cms/AKTIV.png,52,0,0
1680256785995,364,https://pharma-shop.tn/-14,200,OK,Thread Group 1-1,bin,true,,110926,520,1,1,https://pharma-shop.tn/img/cms/gelzone-intime.png,115,0,0
1680256786089,228,https://pharma-shop.tn/-15,200,OK,Thread Group 1-1,bin,true,,98656,509,1,1,https://pharma-shop.tn/img/cms/svr.png,69,0,0
1680256786166,253,https://pharma-shop.tn/-16,200,OK,Thread Group 1-1,bin,true,,120388,511,1,1,https://pharma-shop.tn/img/cms/sobio.png,83,0,0
1680256786212,258,https://pharma-shop.tn/-17,200,OK,Thread Group 1-1,bin,true,,79855,512,1,1,https://pharma-shop.tn/img/cms/beurer.png,112,0,0
1680256786224,369,https://pharma-shop.tn/-18,200,OK,Thread Group 1-1,bin,true,,102403,519,1,1,https://pharma-shop.tn/img/cms/nuxe-rasage_1.png,111,0,0
1680256786318,275,https://pharma-shop.tn/-19,200,OK,Thread Group 1-1,bin,true,,193118,582,1,1,https://pharma-shop.tn/themes/pharmashop/assets/img/modules/appagebuilder/images/slider-clarenia-pharmashop.jpg,101,0,0
1680256786360,568,https://pharma-shop.tn/-20,200,OK,Thread Group 1-1,bin,true,,333972,569,1,1,https://pharma-shop.tn/themes/pharmashop/assets/img/modules/appagebuilder/images/slider-impact.jpg,66,0,0
1680256786419,402,https://pharma-shop.tn/-21,200,OK,Thread Group 1-1,bin,true,,344404,567,1,1,https://pharma-shop.tn/themes/pharmashop/assets/img/modules/appagebuilder/images/slider-pets.jpg,67,0,0
1680256786471,1328,https://pharma-shop.tn/-22,200,OK,Thread Group 1-1,bin,true,,1934862,579,1,1,https://pharma-shop.tn/themes/pharmashop/assets/img/modules/appagebuilder/images/Plan_de_travail_4%20(1).png,95,0,0
1680256786594,1255,https://pharma-shop.tn/-23,200,OK,Thread Group 1-1,bin,true,,872872,579,1,1,https://pharma-shop.tn/themes/pharmashop/assets/img/modules/appagebuilder/images/Plan_de_travail_1%20(1).png,86,0,0
1680256786594,101,https://pharma-shop.tn/-24,200,OK,Thread Group 1-1,bin,true,,21860,563,1,1,https://pharma-shop.tn/themes/pharmashop/assets/img/modules/appagebuilder/images/bonplan.png,101,0,0
1680256786696,117,https://pharma-shop.tn/-25,200,OK,Thread Group 1-1,bin,true,,83407,574,1,1,https://pharma-shop.tn/themes/pharmashop/assets/img/modules/appagebuilder/images/last-minute-slider.jpg,76,0,0
1680256786813,55,https://pharma-shop.tn/-26,200,OK,Thread Group 1-1,bin,true,,3771,553,1,1,https://pharma-shop.tn/13731-home_default/daylong-actinica-lotion-spf-50-80gr.webp,55,0,0
1680256786821,75,https://pharma-shop.tn/-27,200,OK,Thread Group 1-1,bin,true,,4467,557,1,1,https://pharma-shop.tn/18875-home_default/clarenia-hb5-serum-hydra-repulpant-30ml.webp,75,0,0
1680256786869,59,https://pharma-shop.tn/-28,200,OK,Thread Group 1-1,bin,true,,4110,573,1,1,https://pharma-shop.tn/19145-home_default/cytolnat-cytolsun-ecran-spf50-teinte-beige-naturel-50ml.webp,59,0,0
1680256786897,246,https://pharma-shop.tn/-29,200,OK,Thread Group 1-1,bin,true,,160319,563,1,1,https://pharma-shop.tn/themes/pharmashop/assets/img/modules/appagebuilder/images/visage1.png,77,0,0
1680256786929,71,https://pharma-shop.tn/-30,200,OK,Thread Group 1-1,bin,true,,11462,548,1,1,https://pharma-shop.tn/11199-home_default/svr-sun-secure-blur-spf50-50ml.webp,71,0,0
1680256786929,61,https://pharma-shop.tn/-31,200,OK,Thread Group 1-1,bin,true,,5094,561,1,1,https://pharma-shop.tn/11621-home_default/daylong-extreme-lotion-solaire-spf50-200-ml.webp,61,0,0
1680256786991,78,https://pharma-shop.tn/-32,200,OK,Thread Group 1-1,bin,true,,5551,560,1,1,https://pharma-shop.tn/8296-home_default/ultrasun-anti-pigmentation-face-spf-50-50ml.webp,78,0,0
1680256787000,69,https://pharma-shop.tn/-33,200,OK,Thread Group 1-1,bin,true,,2691,602,1,1,https://pharma-shop.tn/14514-home_default/la-roche-posay-anthelios-gel-creme-toucher-sec-anti-brillance-teinté-spf50-50ml.webp,69,0,0
1680256787070,74,https://pharma-shop.tn/-34,200,OK,Thread Group 1-1,bin,true,,2833,565,1,1,https://pharma-shop.tn/15947-home_default/pharmaceris-f-fond-de-teint-spf-50-02-sand-30ml.webp,74,0,0
1680256787070,79,https://pharma-shop.tn/-35,200,OK,Thread Group 1-1,bin,true,,5950,562,1,1,https://pharma-shop.tn/19144-home_default/cytolnat-cytolsun-ecran-invisible-spf50-50ml.webp,79,0,0
1680256787144,58,https://pharma-shop.tn/-36,200,OK,Thread Group 1-1,bin,true,,4810,567,1,1,https://pharma-shop.tn/19225-home_default/dermacare-photosun-02-fluide-matifiante-teinte-50.webp,58,0,0
1680256787145,70,https://pharma-shop.tn/-37,200,OK,Thread Group 1-1,bin,true,,3373,550,1,1,https://pharma-shop.tn/15137-home_default/uriage-bariesun-creme-spf50-50ml.webp,70,0,0
1680256787149,76,https://pharma-shop.tn/-38,200,OK,Thread Group 1-1,bin,true,,3065,558,1,1,https://pharma-shop.tn/15191-home_default/sesderma-repaskin-photoprotecteur-spf-50.webp,76,0,0
1680256787203,75,https://pharma-shop.tn/-39,200,OK,Thread Group 1-1,bin,true,,5036,546,1,1,https://pharma-shop.tn/15946-home_default/dermacare-photosun-men-spf50.webp,75,0,0
1680256787216,92,https://pharma-shop.tn/-40,200,OK,Thread Group 1-1,bin,true,,1955,551,1,1,https://pharma-shop.tn/17606-home_default/svr-sebiaclear-gel-moussant-200ml.webp,92,0,0
1680256787226,96,https://pharma-shop.tn/-41,200,OK,Thread Group 1-1,bin,true,,3421,554,1,1,https://pharma-shop.tn/15849-home_default/papulex-gel-nettoyant-moussant-150ml.webp,96,0,0
1680256787279,79,https://pharma-shop.tn/-42,200,OK,Thread Group 1-1,bin,true,,3273,571,1,1,https://pharma-shop.tn/11557-home_default/la-roche-posay-effaclar-gel-moussant-purifiant-400-ml.webp,79,0,0
1680256787309,65,https://pharma-shop.tn/-43,200,OK,Thread Group 1-1,bin,true,,3287,565,1,1,https://pharma-shop.tn/17415-home_default/uriage-age-absolu-creme-rose-redensifiante-50ml.webp,65,0,0
1680256787323,69,https://pharma-shop.tn/-44,200,OK,Thread Group 1-1,bin,true,,4227,563,1,1,https://pharma-shop.tn/18876-home_default/clarenia-ab3-serum-anti-rides-regenerant-30ml.webp,69,0,0
1680256787359,80,https://pharma-shop.tn/-45,200,OK,Thread Group 1-1,bin,true,,7184,547,1,1,https://pharma-shop.tn/11571-home_default/svr-clairial-day-spf-30-30-ml.webp,80,0,0
1680256787374,72,https://pharma-shop.tn/-46,200,OK,Thread Group 1-1,bin,true,,6750,585,1,1,https://pharma-shop.tn/8954-home_default/vichy-liftactiv-collagen-specialist-creme-anti-rides-vitamine-c-50ml.webp,72,0,0
1680256787392,83,https://pharma-shop.tn/-47,200,OK,Thread Group 1-1,bin,true,,4867,551,1,1,https://pharma-shop.tn/18874-home_default/clarenia-hc-20-serum-booster-30ml.webp,83,0,0
1680256787439,86,https://pharma-shop.tn/-48,200,OK,Thread Group 1-1,bin,true,,4851,556,1,1,https://pharma-shop.tn/5272-home_default/sesderma-azelac-ru-liposomal-serum-30ml.webp,86,0,0
1680256787447,89,https://pharma-shop.tn/-49,200,OK,Thread Group 1-1,bin,true,,4849,565,1,1,https://pharma-shop.tn/19132-home_default/svr-clairial-ampoule-concentre-anti-taches-30ml.webp,89,0,0
1680256787476,98,https://pharma-shop.tn/-50,200,OK,Thread Group 1-1,bin,true,,3613,566,1,1,https://pharma-shop.tn/6998-home_default/svr-anti-ox-vtamine-c-20-30ml-tous-types-de-peaux.webp,98,0,0
1680256787525,104,https://pharma-shop.tn/-51,200,OK,Thread Group 1-1,bin,true,,2203,563,1,1,https://pharma-shop.tn/14915-home_default/clarenia-serum-clarifiant-action-rapide-30-ml.webp,104,0,0
1680256787537,98,https://pharma-shop.tn/-52,200,OK,Thread Group 1-1,bin,true,,2874,552,1,1,https://pharma-shop.tn/11701-home_default/serum-booster-a-la-vitamine-c-30ml.webp,98,0,0
1680256787574,210,https://pharma-shop.tn/-53,200,OK,Thread Group 1-1,bin,true,,18644,564,1,1,https://pharma-shop.tn/themes/pharmashop/assets/img/modules/appagebuilder/images/cheveux1.png,208,0,0
1680256787629,152,https://pharma-shop.tn/-54,200,OK,Thread Group 1-1,bin,true,,7241,554,1,1,https://pharma-shop.tn/6682-home_default/forcapil-cheveux-et-ongles-60-gelules.webp,152,0,0
1680256787636,151,https://pharma-shop.tn/-55,200,OK,Thread Group 1-1,bin,true,,9543,550,1,1,https://pharma-shop.tn/16516-home_default/forte-pharma-pack-expert-cheveux.webp,151,0,0
1680256787781,41,https://pharma-shop.tn/-56,200,OK,Thread Group 1-1,bin,true,,5376,564,1,1,https://pharma-shop.tn/18853-home_default/forcapil-anti-chute-triple-action-30-comprimes.webp,41,0,0
1680256787784,57,https://pharma-shop.tn/-57,200,OK,Thread Group 1-1,bin,true,,5547,574,1,1,https://pharma-shop.tn/17478-home_default/ducray-neoptide-expert-serum-anti-chute-croissance-250ml.webp,57,0,0
1680256787788,54,https://pharma-shop.tn/-58,200,OK,Thread Group 1-1,bin,true,,5563,551,1,1,https://pharma-shop.tn/16640-home_default/biotifort-pack-3-mois-360-gelules.webp,54,0,0
1680256787800,53,https://pharma-shop.tn/-59,200,OK,Thread Group 1-1,bin,true,,5055,567,1,1,https://pharma-shop.tn/4790-home_default/vichy-dercos-aminexil-clinical-5-femme-21-ampoules.webp,53,0,0
1680256787814,52,https://pharma-shop.tn/-60,200,OK,Thread Group 1-1,bin,true,,8077,558,1,1,https://pharma-shop.tn/9312-home_default/cadiveu-instant-restructuring-vials-615ml.webp,52,0,0
1680256787822,42,https://pharma-shop.tn/-61,200,OK,Thread Group 1-1,bin,true,,8149,582,1,1,https://pharma-shop.tn/18593-home_default/phyto-phytocyane-traitement-anti-chute-progressive-femme-12-5-ml.webp,42,0,0
1680256787841,44,https://pharma-shop.tn/-62,200,OK,Thread Group 1-1,bin,true,,7548,582,1,1,https://pharma-shop.tn/16135-home_default/bioxsine-coffret-serum-anti-chute-350mlserum-forte-spray-60ml-50.webp,44,0,0
1680256787842,39,https://pharma-shop.tn/-63,200,OK,Thread Group 1-1,bin,true,,3823,590,1,1,https://pharma-shop.tn/7123-home_default/vichy-dercos-densi-solutions-concentre-createur-de-masse-capillaire-100ml.webp,39,0,0
1680256787849,52,https://pharma-shop.tn/-64,200,OK,Thread Group 1-1,bin,true,,8766,567,1,1,https://pharma-shop.tn/11632-home_default/phyto-phytophanere-cheveux-et-ongles-120-capsules.webp,52,0,0
1680256787854,54,https://pharma-shop.tn/-65,200,OK,Thread Group 1-1,bin,true,,5469,576,1,1,https://pharma-shop.tn/9390-home_default/dermedic-capilarte-shampooing-anti-chute-et-repousse-300-ml.webp,54,0,0
1680256787865,51,https://pharma-shop.tn/-66,200,OK,Thread Group 1-1,bin,true,,11118,582,1,1,https://pharma-shop.tn/18583-home_default/bioxsine-shampooing-anti-chute-forte-tous-types-de-cheveux-300ml.webp,51,0,0
1680256787866,51,https://pharma-shop.tn/-67,200,OK,Thread Group 1-1,bin,true,,5497,554,1,1,https://pharma-shop.tn/5360-home_default/novophane-shampoing-energisant-200-ml.webp,51,0,0
1680256787881,39,https://pharma-shop.tn/-68,200,OK,Thread Group 1-1,bin,true,,3655,565,1,1,https://pharma-shop.tn/5156-home_default/ducray-anaphase-shampooing-creme-stimulant-200ml.webp,39,0,0
1680256787885,37,https://pharma-shop.tn/-69,200,OK,Thread Group 1-1,bin,true,,2649,564,1,1,https://pharma-shop.tn/7439-home_default/phyto-phytokeratine-shampooing-reparateur-200ml.webp,37,0,0
1680256787901,39,https://pharma-shop.tn/-70,200,OK,Thread Group 1-1,bin,true,,2579,549,1,1,https://pharma-shop.tn/7312-home_default/phyto-phytokeratine-masque-200ml.webp,39,0,0
1680256787908,44,https://pharma-shop.tn/-71,200,OK,Thread Group 1-1,bin,true,,2963,572,1,1,https://pharma-shop.tn/7438-home_default/phyto-phytokeratine-spray-reparateur-thermo-actif-150ml.webp,43,0,0
1680256787916,38,https://pharma-shop.tn/-72,200,OK,Thread Group 1-1,bin,true,,4265,561,1,1,https://pharma-shop.tn/5319-home_default/ultraliss-masque-lissant-a-la-keratine-100ml.webp,38,0,0
1680256787917,40,https://pharma-shop.tn/-73,200,OK,Thread Group 1-1,bin,true,,3749,573,1,1,https://pharma-shop.tn/5320-home_default/phyteal-ultraliss-shampooing-lissant-a-la-keratine-250ml.webp,40,0,0
1680256787921,41,https://pharma-shop.tn/-74,200,OK,Thread Group 1-1,bin,true,,4377,568,1,1,https://pharma-shop.tn/5316-home_default/phyteal-ultraliss-serum-traitant-a-la-keratine-40ml.webp,41,0,0
1680256787922,48,https://pharma-shop.tn/-75,200,OK,Thread Group 1-1,bin,true,,2937,545,1,1,https://pharma-shop.tn/1325-home_default/keratin-q10-shampooing-200ml.webp,48,0,0
1680256787940,44,https://pharma-shop.tn/-76,200,OK,Thread Group 1-1,bin,true,,4503,576,1,1,https://pharma-shop.tn/13894-home_default/phyto-phytokeratine-extreme-la-creme-de-soin-lavante-75-ml.webp,44,0,0
1680256787952,37,https://pharma-shop.tn/-77,200,OK,Thread Group 1-1,bin,true,,2879,560,1,1,https://pharma-shop.tn/2812-home_default/phyto-phytokeratine-extreme-shampoing-200ml.webp,37,0,0
1680256787955,43,https://pharma-shop.tn/-78,200,OK,Thread Group 1-1,bin,true,,7897,563,1,1,https://pharma-shop.tn/2841-home_default/nutricap-keratine-vitalite-cheveux-30-capsules.webp,43,0,0
1680256787957,112,https://pharma-shop.tn/-79,200,OK,Thread Group 1-1,bin,true,,136873,564,1,1,https://pharma-shop.tn/themes/pharmashop/assets/img/modules/appagebuilder/images/coffret1.png,56,0,0
1680256787962,37,https://pharma-shop.tn/-80,200,OK,Thread Group 1-1,bin,true,,3791,548,1,1,https://pharma-shop.tn/18850-home_default/filorga-xmas-cracker-smoothing.webp,37,0,0
1680256787970,48,https://pharma-shop.tn/-81,200,OK,Thread Group 1-1,bin,true,,12670,571,1,1,https://pharma-shop.tn/19131-home_default/natura-siberica-coffret-beauté-éclat-visage.webp,48,0,0
1680256787984,51,https://pharma-shop.tn/-82,200,OK,Thread Group 1-1,bin,true,,6411,576,1,1,https://pharma-shop.tn/19266-home_default/dermedic-hydrain-3-creme-de-nuit-hydratante-anti-age-55-ml.webp,51,0,0
1680256787989,46,https://pharma-shop.tn/-83,200,OK,Thread Group 1-1,bin,true,,6211,570,1,1,https://pharma-shop.tn/17656-home_default/filorga-ncef-coffret-routine-regeneration-intensive-.webp,46,0,0
1680256787998,42,https://pharma-shop.tn/-84,200,OK,Thread Group 1-1,bin,true,,4753,560,1,1,https://pharma-shop.tn/17665-home_default/filorga-coffret-programme-anti-age-global-.webp,42,0,0
1680256787999,41,https://pharma-shop.tn/-85,200,OK,Thread Group 1-1,bin,true,,6299,554,1,1,https://pharma-shop.tn/12206-home_default/coffret-filorga-duo-effet-peau-neuve.webp,41,0,0
1680256788019,48,https://pharma-shop.tn/-86,200,OK,Thread Group 1-1,bin,true,,4594,591,1,1,https://pharma-shop.tn/12210-home_default/coffret-filorga-global-repair-programme-nutri-jeunesse-multi-revitalisant.webp,48,0,0
1680256788035,59,https://pharma-shop.tn/-87,200,OK,Thread Group 1-1,bin,true,,14456,568,1,1,https://pharma-shop.tn/9334-home_default/babylin-s-sac-naissance-creme-de-change-75g-offerte.webp,59,0,0
1680256788035,39,https://pharma-shop.tn/-88,200,OK,Thread Group 1-1,bin,true,,8568,549,1,1,https://pharma-shop.tn/17661-home_default/trousse-bebe-the-good-dinosaure.webp,39,0,0
1680256788040,55,https://pharma-shop.tn/-89,200,OK,Thread Group 1-1,bin,true,,9631,554,1,1,https://pharma-shop.tn/17484-home_default/trousse-bebe-babar-le-petit-elephant.webp,55,0,0
1680256788041,65,https://pharma-shop.tn/-90,200,OK,Thread Group 1-1,bin,true,,8951,549,1,1,https://pharma-shop.tn/17662-home_default/trousse-bebe-the-cute-dinosaure.webp,65,0,0
1680256788067,46,https://pharma-shop.tn/-91,200,OK,Thread Group 1-1,bin,true,,10880,550,1,1,https://pharma-shop.tn/12737-home_default/mini-trousse-bebe-dinosaure-bleu.webp,46,0,0
1680256788069,44,https://pharma-shop.tn/-92,200,OK,Thread Group 1-1,bin,true,,6631,540,1,1,https://pharma-shop.tn/6160-home_default/esthelle-calino-coffret.webp,44,0,0
1680256788075,46,https://pharma-shop.tn/-93,200,OK,Thread Group 1-1,bin,true,,13802,552,1,1,https://pharma-shop.tn/12649-home_default/trousse-naissance-baby-ourson-bleu.webp,46,0,0
1680256788095,41,https://pharma-shop.tn/-94,200,OK,Thread Group 1-1,bin,true,,2413,565,1,1,https://pharma-shop.tn/14910-home_default/clarenia-gel-eclaircissant-zones-intimes-100-ml.webp,41,0,0
1680256788095,34,https://pharma-shop.tn/-95,200,OK,Thread Group 1-1,bin,true,,3697,593,1,1,https://pharma-shop.tn/14922-home_default/la-roche-posay-anthelios-xl-gel-creme-toucher-sec-anti-brillance-spf50-50ml.webp,34,0,0
1680256788107,46,https://pharma-shop.tn/-96,200,OK,Thread Group 1-1,bin,true,,3207,549,1,1,https://pharma-shop.tn/3764-home_default/pharmaceris-w-purialbucin-mousse.webp,45,0,0
1680256788113,44,https://pharma-shop.tn/-97,200,OK,Thread Group 1-1,bin,true,,3601,557,1,1,https://pharma-shop.tn/6482-home_default/dermedic-hydrain-3-eau-micellaire-500-ml.webp,44,0,0
1680256788113,40,https://pharma-shop.tn/-98,200,OK,Thread Group 1-1,bin,true,,3094,568,1,1,https://pharma-shop.tn/7655-home_default/avene-cicalfate-creme-reparatrice-protectrice-100ml.webp,39,0,0
1680256788121,40,https://pharma-shop.tn/-99,200,OK,Thread Group 1-1,bin,true,,5899,562,1,1,https://pharma-shop.tn/16682-home_default/eric-favre-programme-10-jours-pure-collagen-.webp,40,0,0
1680256788129,35,https://pharma-shop.tn/-100,200,OK,Thread Group 1-1,bin,true,,3363,566,1,1,https://pharma-shop.tn/5060-home_default/dermedic-hydrain-3-gel-creme-ultra-hydratant-50gr.webp,35,0,0
1680256788136,43,https://pharma-shop.tn/-101,200,OK,Thread Group 1-1,bin,true,,4069,553,1,1,https://pharma-shop.tn/11929-home_default/mousse-nettoyante-flash-eclat-200ml.webp,43,0,0
1680256788153,38,https://pharma-shop.tn/-102,200,OK,Thread Group 1-1,bin,true,,3125,563,1,1,https://pharma-shop.tn/7484-home_default/avene-hydrance-legere-emulsion-hydratante-40ml.webp,38,0,0
1680256788153,39,https://pharma-shop.tn/-103,200,OK,Thread Group 1-1,bin,true,,3983,552,1,1,https://pharma-shop.tn/5070-home_default/sesderma-c-vit-liposomal-serum-30ml.webp,39,0,0
1680256788157,40,https://pharma-shop.tn/-104,200,OK,Thread Group 1-1,bin,true,,3047,543,1,1,https://pharma-shop.tn/17534-home_default/svr-sebiaclear-serum-30ml.webp,40,0,0
1680256788161,45,https://pharma-shop.tn/-105,200,OK,Thread Group 1-1,bin,true,,7081,556,1,1,https://pharma-shop.tn/8643-home_default/forte-pharma-expert-collagene-20-sticks.webp,45,0,0
1680256788164,40,https://pharma-shop.tn/-106,200,OK,Thread Group 1-1,bin,true,,5759,560,1,1,https://pharma-shop.tn/11558-home_default/daylong-extreme-lotion-solaire-spf50-100ml.webp,40,0,0
1680256788179,39,https://pharma-shop.tn/-107,200,OK,Thread Group 1-1,bin,true,,4181,549,1,1,https://pharma-shop.tn/16683-home_default/svr-sebiaclear-micro-peel-150ml.webp,39,0,0
1680256788191,38,https://pharma-shop.tn/-108,200,OK,Thread Group 1-1,bin,true,,3748,539,1,1,https://pharma-shop.tn/18841-home_default/gluta-light-14-sticks.webp,38,0,0
1680256788192,41,https://pharma-shop.tn/-109,200,OK,Thread Group 1-1,bin,true,,4409,564,1,1,https://pharma-shop.tn/18877-home_default/clarenia-gb5-sérum-peeling-exfoliant-30ml.webp,41,0,0
1680256788197,114,https://pharma-shop.tn/-110,200,OK,Thread Group 1-1,bin,true,,81861,561,1,1,https://pharma-shop.tn/themes/pharmashop/assets/img/modules/appagebuilder/images/sport.png,63,0,0
1680256788204,73,https://pharma-shop.tn/-111,200,OK,Thread Group 1-1,bin,true,,10667,566,1,1,https://pharma-shop.tn/themes/pharmashop/assets/img/modules/appagebuilder/images/animalerie.png,73,0,0
1680256788206,64,https://pharma-shop.tn/-112,200,OK,Thread Group 1-1,bin,true,,10804,566,1,1,https://pharma-shop.tn/themes/pharmashop/assets/img/modules/appagebuilder/images/maquillage.png,64,0,0
1680256788218,58,https://pharma-shop.tn/-113,200,OK,Thread Group 1-1,text,true,,4184,511,1,1,https://pharma-shop.tn/img/cms/iconl.svg,58,0,0
1680256788229,98,https://pharma-shop.tn/-114,200,OK,Thread Group 1-1,text,true,,14102,511,1,1,https://pharma-shop.tn/img/cms/icon2.svg,98,0,0
1680256788234,81,https://pharma-shop.tn/-115,200,OK,Thread Group 1-1,text,true,,7241,511,1,1,https://pharma-shop.tn/img/cms/icon3.svg,81,0,0
1680256788270,51,https://pharma-shop.tn/-116,200,OK,Thread Group 1-1,text,true,,2938,511,1,1,https://pharma-shop.tn/img/cms/icon4.svg,51,0,0
1680256788277,82,https://pharma-shop.tn/-117,200,OK,Thread Group 1-1,bin,true,,8210,516,1,1,https://pharma-shop.tn/img/cms/logofooter.png,82,0,0
1680256788278,69,https://pharma-shop.tn/-118,200,OK,Thread Group 1-1,text,true,,1998,556,1,1,https://pharma-shop.tn/cdn-cgi/scripts/5c5dd728/cloudflare-static/email-decode.min.js,69,0,0
1680256788311,344,https://pharma-shop.tn/-119,200,OK,Thread Group 1-1,text,true,,901345,544,1,1,https://pharma-shop.tn/themes/pharmashop/assets/cache/bottom-fbcb4b952.js,56,0,0
1680256788661,85,https://www.google.com/complete/search?q=pharmashop&cp=0&client=desktop-gws-wiz-on-focus-serp&xssi=t&hl=fr-TN&authuser=0&pq=pharmashop&psi=iKUmZPv1G7ypkdUP4pSpgAo.1680254346734&ofp=EAEypQEKCgoIcGFyYXNob3AKFAoScGhhcm1hc2hvcCB0dW5pc2llChMKEXBoYXJtYXNob3Agc291c3NlCg8KDXBhcmFwaGFybWFjaWUKFwoVcGhhcm1hc2hvcCBtYXF1aWxsYWdlChMKEXBoYXJtYXNob3Agb25saW5lChQKEnBoYXJtYXNob3AgY29udGFjdAoVChNwaGFybWFzaG9wIGJvbiBwbGFuEEc&dpr=1.25,200,OK,Thread Group 1-1,text,true,,3904,1292,1,1,https://www.google.com/complete/search?q=pharmashop&pq=pharmashop&hl=fr-TN&psi=iKUmZPv1G7ypkdUP4pSpgAo.1680254346734&dpr=1.25&ofp=EAEypQEKCgoIcGFyYXNob3AKFAoScGhhcm1hc2hvcCB0dW5pc2llChMKEXBoYXJtYXNob3Agc291c3NlCg8KDXBhcmFwaGFybWFjaWUKFwoVcGhhcm1hc2hvcCBtYXF1aWxsYWdlChMKEXBoYXJtYXNob3Agb25saW5lChQKEnBoYXJtYXNob3AgY29udGFjdAoVChNwaGFybWFzaG9wIGJvbiBwbGFuEEc&client=desktop-gws-wiz-on-focus-serp&xssi=t&cp=0&authuser=0,85,0,0
1680256788747,115,https://www.google.com/complete/search?q&cp=0&client=gws-wiz-serp&xssi=t&hl=fr-TN&authuser=0&pq=pharmashop&psi=iKUmZPv1G7ypkdUP4pSpgAo.1680254346734&dpr=1.25,200,OK,Thread Group 1-1,text,true,,3004,1033,1,1,https://www.google.com/complete/search?q=&pq=pharmashop&hl=fr-TN&psi=iKUmZPv1G7ypkdUP4pSpgAo.1680254346734&dpr=1.25&client=gws-wiz-serp&xssi=t&cp=0&authuser=0,109,0,0
1680256788862,143,https://www.google-analytics.com/j/collect?v=1&_v=j99&a=1576582099&t=pageview&_s=1&dl=https%3A%2F%2Fpharma-shop.tn%2F&dr=https%3A%2F%2Fwww.google.com%2F&ul=fr-fr&de=UTF-8&dt=Votre%20premi%C3%A8re%20parapharmacie%20en%20ligne%20en%20Tunisie&sd=24-bit&sr=1536x864&vp=1531x664&je=0&_u=AACAAEIJAAAAACAAI~&jid=473753450&gjid=218319513&cid=1966698233.1680104207&tid=UA-71713758-1&_gid=582023006.1680254087&_r=1&_slc=1&did=d6YPbH&z=443076985,200,OK,Thread Group 1-1,text,true,,440,780,1,1,https://www.google-analytics.com/j/collect,143,0,103
1680256789006,192,https://stats.g.doubleclick.net/j/collect?t=dc&aip=1&_r=3&v=1&_v=j99&tid=UA-71713758-1&cid=1966698233.1680104207&jid=473753450&gjid=218319513&_gid=582023006.1680254087&_u=AACAAEIIAAAAACAAI~&z=1446073229,200,OK,Thread Group 1-1,text,true,,513,560,1,1,https://stats.g.doubleclick.net/j/collect,192,0,133
1680256789199,329,https://bootstrap.smartsuppchat.com/widget/b9690c990e4111de60bc2b144aa143172e19e795.json,200,OK,Thread Group 1-1,text,true,,1534,423,1,1,https://bootstrap.smartsuppchat.com/widget/b9690c990e4111de60bc2b144aa143172e19e795.json,329,0,282
1680256789529,199,https://widget-v2.smartsuppcdn.com/asset-manifest.json,200,OK,Thread Group 1-1,text,true,,2319,389,1,1,https://widget-v2.smartsuppcdn.com/asset-manifest.json,199,0,128
1680256789729,202,https://translations.smartsuppcdn.com/api/v1/widget/translations/lang/fr/defaults,200,OK,Thread Group 1-1,text,true,,6650,390,1,1,https://translations.smartsuppcdn.com/api/v1/widget/translations/lang/fr/defaults,202,0,134
1680256789932,475,https://pharma-shop.tn/module/ets_sociallogin/oauth,200,OK,Thread Group 1-1,text,true,,1541,620,1,1,https://pharma-shop.tn/module/ets_sociallogin/oauth,472,0,0
1680256793264,1407,https://pharma-shop.tn/,200,OK,Thread Group 1-1,text,true,,468180,135090,1,1,https://pharma-shop.tn/,533,0,0
1680256793264,635,https://pharma-shop.tn/-0,200,OK,Thread Group 1-1,text,true,,380195,1020,1,1,https://pharma-shop.tn/,533,0,0
1680256793925,43,https://pharma-shop.tn/-1,304,Not Modified,Thread Group 1-1,,true,,762,1096,1,1,https://pharma-shop.tn/img/favicon.ico?1647529441,0,0,0
1680256793925,38,https://pharma-shop.tn/-2,304,Not Modified,Thread Group 1-1,,true,,809,1120,1,1,https://pharma-shop.tn/themes/pharmashop/assets/cache/theme-ec13f3953.css,0,0,0
1680256793925,22,https://pharma-shop.tn/-3,304,Not Modified,Thread Group 1-1,,true,,487,733,1,1,https://cdn.onesignal.com/sdks/OneSignalSDK.js,0,0,0
1680256793925,41,https://pharma-shop.tn/-4,304,Not Modified,Thread Group 1-1,,true,,800,1086,1,1,https://pharma-shop.tn/img/cms/book.svg,0,0,0
1680256793925,42,https://pharma-shop.tn/-5,304,Not Modified,Thread Group 1-1,,true,,736,1082,1,1,https://pharma-shop.tn/img/logo.png,0,0,0
1680256793925,46,https://pharma-shop.tn/-6,304,Not Modified,Thread Group 1-1,,true,,794,1087,1,1,https://pharma-shop.tn/img/cms/link6.svg,0,0,0
1680256793947,51,https://pharma-shop.tn/-7,304,Not Modified,Thread Group 1-1,,true,,744,1091,1,1,https://pharma-shop.tn/img/cms/nutrition.png,0,0,0
1680256793964,36,https://pharma-shop.tn/-8,304,Not Modified,Thread Group 1-1,,true,,794,1087,1,1,https://pharma-shop.tn/img/cms/link3.svg,0,0,0
1680256793966,37,https://pharma-shop.tn/-9,304,Not Modified,Thread Group 1-1,,true,,734,1104,1,1,https://pharma-shop.tn/img/cms/menu/menu-right-visage.jpg,0,0,0
1680256793967,35,https://pharma-shop.tn/-10,304,Not Modified,Thread Group 1-1,,true,,740,1097,1,1,https://pharma-shop.tn/img/cms/bioxine-siteweb.png,0,0,0
1680256793969,37,https://pharma-shop.tn/-11,304,Not Modified,Thread Group 1-1,,true,,736,1087,1,1,https://pharma-shop.tn/img/cms/LAINO.PNG,0,0,0
1680256793971,39,https://pharma-shop.tn/-12,304,Not Modified,Thread Group 1-1,,true,,738,1089,1,1,https://pharma-shop.tn/img/cms/klorane.png,0,0,0
1680256793998,38,https://pharma-shop.tn/-13,304,Not Modified,Thread Group 1-1,,true,,732,1087,1,1,https://pharma-shop.tn/img/cms/AKTIV.png,0,0,0
1680256794001,37,https://pharma-shop.tn/-14,304,Not Modified,Thread Group 1-1,,true,,737,1096,1,1,https://pharma-shop.tn/img/cms/gelzone-intime.png,0,0,0
1680256794002,35,https://pharma-shop.tn/-15,304,Not Modified,Thread Group 1-1,,true,,738,1085,1,1,https://pharma-shop.tn/img/cms/svr.png,0,0,0
1680256794003,37,https://pharma-shop.tn/-16,304,Not Modified,Thread Group 1-1,,true,,734,1087,1,1,https://pharma-shop.tn/img/cms/sobio.png,0,0,0
1680256794007,35,https://pharma-shop.tn/-17,304,Not Modified,Thread Group 1-1,,true,,740,1088,1,1,https://pharma-shop.tn/img/cms/beurer.png,0,0,0
1680256794010,39,https://pharma-shop.tn/-18,304,Not Modified,Thread Group 1-1,,true,,740,1095,1,1,https://pharma-shop.tn/img/cms/nuxe-rasage_1.png,0,0,0
1680256794036,38,https://pharma-shop.tn/-19,304,Not Modified,Thread Group 1-1,,true,,744,1158,1,1,https://pharma-shop.tn/themes/pharmashop/assets/img/modules/appagebuilder/images/slider-clarenia-pharmashop.jpg,0,0,0
1680256794037,36,https://pharma-shop.tn/-20,304,Not Modified,Thread Group 1-1,,true,,740,1145,1,1,https://pharma-shop.tn/themes/pharmashop/assets/img/modules/appagebuilder/images/slider-impact.jpg,0,0,0
1680256794038,44,https://pharma-shop.tn/-21,304,Not Modified,Thread Group 1-1,,true,,734,1143,1,1,https://pharma-shop.tn/themes/pharmashop/assets/img/modules/appagebuilder/images/slider-pets.jpg,0,0,0
1680256794041,34,https://pharma-shop.tn/-22,304,Not Modified,Thread Group 1-1,,true,,738,1155,1,1,https://pharma-shop.tn/themes/pharmashop/assets/img/modules/appagebuilder/images/Plan_de_travail_4%20(1).png,0,0,0
1680256794042,41,https://pharma-shop.tn/-23,304,Not Modified,Thread Group 1-1,,true,,738,1155,1,1,https://pharma-shop.tn/themes/pharmashop/assets/img/modules/appagebuilder/images/Plan_de_travail_1%20(1).png,0,0,0
1680256794049,36,https://pharma-shop.tn/-24,304,Not Modified,Thread Group 1-1,,true,,738,1139,1,1,https://pharma-shop.tn/themes/pharmashop/assets/img/modules/appagebuilder/images/bonplan.png,0,0,0
1680256794074,33,https://pharma-shop.tn/-25,304,Not Modified,Thread Group 1-1,,true,,744,1150,1,1,https://pharma-shop.tn/themes/pharmashop/assets/img/modules/appagebuilder/images/last-minute-slider.jpg,0,0,0
1680256794074,42,https://pharma-shop.tn/-26,304,Not Modified,Thread Group 1-1,,true,,735,1129,1,1,https://pharma-shop.tn/13731-home_default/daylong-actinica-lotion-spf-50-80gr.webp,0,0,0
1680256794076,35,https://pharma-shop.tn/-27,304,Not Modified,Thread Group 1-1,,true,,738,1149,1,1,https://pharma-shop.tn/19145-home_default/cytolnat-cytolsun-ecran-spf50-teinte-beige-naturel-50ml.webp,0,0,0
1680256794082,44,https://pharma-shop.tn/-28,304,Not Modified,Thread Group 1-1,,true,,737,1133,1,1,https://pharma-shop.tn/18875-home_default/clarenia-hb5-serum-hydra-repulpant-30ml.webp,0,0,0
1680256794083,35,https://pharma-shop.tn/-29,304,Not Modified,Thread Group 1-1,,true,,740,1139,1,1,https://pharma-shop.tn/themes/pharmashop/assets/img/modules/appagebuilder/images/visage1.png,0,0,0
1680256794085,39,https://pharma-shop.tn/-30,304,Not Modified,Thread Group 1-1,,true,,729,1124,1,1,https://pharma-shop.tn/11199-home_default/svr-sun-secure-blur-spf50-50ml.webp,0,0,0
1680256794107,37,https://pharma-shop.tn/-31,304,Not Modified,Thread Group 1-1,,true,,734,1137,1,1,https://pharma-shop.tn/11621-home_default/daylong-extreme-lotion-solaire-spf50-200-ml.webp,0,0,0
1680256794111,33,https://pharma-shop.tn/-32,304,Not Modified,Thread Group 1-1,,true,,739,1136,1,1,https://pharma-shop.tn/8296-home_default/ultrasun-anti-pigmentation-face-spf-50-50ml.webp,0,0,0
1680256794117,35,https://pharma-shop.tn/-33,304,Not Modified,Thread Group 1-1,,true,,739,1178,1,1,https://pharma-shop.tn/14514-home_default/la-roche-posay-anthelios-gel-creme-toucher-sec-anti-brillance-teinté-spf50-50ml.webp,0,0,0
1680256794118,36,https://pharma-shop.tn/-34,304,Not Modified,Thread Group 1-1,,true,,731,1141,1,1,https://pharma-shop.tn/15947-home_default/pharmaceris-f-fond-de-teint-spf-50-02-sand-30ml.webp,0,0,0
1680256794124,35,https://pharma-shop.tn/-35,304,Not Modified,Thread Group 1-1,,true,,734,1138,1,1,https://pharma-shop.tn/19144-home_default/cytolnat-cytolsun-ecran-invisible-spf50-50ml.webp,0,0,0
1680256794126,36,https://pharma-shop.tn/-36,304,Not Modified,Thread Group 1-1,,true,,734,1143,1,1,https://pharma-shop.tn/19225-home_default/dermacare-photosun-02-fluide-matifiante-teinte-50.webp,0,0,0
1680256794144,38,https://pharma-shop.tn/-37,304,Not Modified,Thread Group 1-1,,true,,735,1126,1,1,https://pharma-shop.tn/15137-home_default/uriage-bariesun-creme-spf50-50ml.webp,0,0,0
1680256794144,33,https://pharma-shop.tn/-38,304,Not Modified,Thread Group 1-1,,true,,739,1134,1,1,https://pharma-shop.tn/15191-home_default/sesderma-repaskin-photoprotecteur-spf-50.webp,0,0,0
1680256794152,37,https://pharma-shop.tn/-39,304,Not Modified,Thread Group 1-1,,true,,736,1122,1,1,https://pharma-shop.tn/15946-home_default/dermacare-photosun-men-spf50.webp,0,0,0
1680256794154,39,https://pharma-shop.tn/-40,304,Not Modified,Thread Group 1-1,,true,,741,1127,1,1,https://pharma-shop.tn/17606-home_default/svr-sebiaclear-gel-moussant-200ml.webp,0,0,0
1680256794159,36,https://pharma-shop.tn/-41,304,Not Modified,Thread Group 1-1,,true,,743,1130,1,1,https://pharma-shop.tn/15849-home_default/papulex-gel-nettoyant-moussant-150ml.webp,0,0,0
1680256794162,35,https://pharma-shop.tn/-42,304,Not Modified,Thread Group 1-1,,true,,731,1147,1,1,https://pharma-shop.tn/11557-home_default/la-roche-posay-effaclar-gel-moussant-purifiant-400-ml.webp,0,0,0
1680256794177,33,https://pharma-shop.tn/-43,304,Not Modified,Thread Group 1-1,,true,,735,1141,1,1,https://pharma-shop.tn/17415-home_default/uriage-age-absolu-creme-rose-redensifiante-50ml.webp,0,0,0
1680256794182,34,https://pharma-shop.tn/-44,304,Not Modified,Thread Group 1-1,,true,,731,1139,1,1,https://pharma-shop.tn/18876-home_default/clarenia-ab3-serum-anti-rides-regenerant-30ml.webp,0,0,0
1680256794189,36,https://pharma-shop.tn/-45,304,Not Modified,Thread Group 1-1,,true,,736,1123,1,1,https://pharma-shop.tn/11571-home_default/svr-clairial-day-spf-30-30-ml.webp,0,0,0
1680256794193,35,https://pharma-shop.tn/-46,304,Not Modified,Thread Group 1-1,,true,,744,1161,1,1,https://pharma-shop.tn/8954-home_default/vichy-liftactiv-collagen-specialist-creme-anti-rides-vitamine-c-50ml.webp,0,0,0
1680256794195,35,https://pharma-shop.tn/-47,304,Not Modified,Thread Group 1-1,,true,,735,1127,1,1,https://pharma-shop.tn/18874-home_default/clarenia-hc-20-serum-booster-30ml.webp,0,0,0
1680256794197,37,https://pharma-shop.tn/-48,304,Not Modified,Thread Group 1-1,,true,,737,1132,1,1,https://pharma-shop.tn/5272-home_default/sesderma-azelac-ru-liposomal-serum-30ml.webp,0,0,0
1680256794210,33,https://pharma-shop.tn/-49,304,Not Modified,Thread Group 1-1,,true,,731,1141,1,1,https://pharma-shop.tn/19132-home_default/svr-clairial-ampoule-concentre-anti-taches-30ml.webp,0,0,0
1680256794216,43,https://pharma-shop.tn/-50,304,Not Modified,Thread Group 1-1,,true,,737,1142,1,1,https://pharma-shop.tn/6998-home_default/svr-anti-ox-vtamine-c-20-30ml-tous-types-de-peaux.webp,0,0,0
1680256794225,36,https://pharma-shop.tn/-51,304,Not Modified,Thread Group 1-1,,true,,743,1139,1,1,https://pharma-shop.tn/14915-home_default/clarenia-serum-clarifiant-action-rapide-30-ml.webp,0,0,0
1680256794228,39,https://pharma-shop.tn/-52,304,Not Modified,Thread Group 1-1,,true,,734,1128,1,1,https://pharma-shop.tn/11701-home_default/serum-booster-a-la-vitamine-c-30ml.webp,0,0,0
1680256794230,40,https://pharma-shop.tn/-53,304,Not Modified,Thread Group 1-1,,true,,746,1140,1,1,https://pharma-shop.tn/themes/pharmashop/assets/img/modules/appagebuilder/images/cheveux1.png,0,0,0
1680256794234,37,https://pharma-shop.tn/-54,304,Not Modified,Thread Group 1-1,,true,,737,1130,1,1,https://pharma-shop.tn/6682-home_default/forcapil-cheveux-et-ongles-60-gelules.webp,0,0,0
1680256794243,34,https://pharma-shop.tn/-55,304,Not Modified,Thread Group 1-1,,true,,739,1126,1,1,https://pharma-shop.tn/16516-home_default/forte-pharma-pack-expert-cheveux.webp,0,0,0
1680256794259,34,https://pharma-shop.tn/-56,304,Not Modified,Thread Group 1-1,,true,,738,1140,1,1,https://pharma-shop.tn/18853-home_default/forcapil-anti-chute-triple-action-30-comprimes.webp,0,0,0
1680256794261,37,https://pharma-shop.tn/-57,304,Not Modified,Thread Group 1-1,,true,,741,1150,1,1,https://pharma-shop.tn/17478-home_default/ducray-neoptide-expert-serum-anti-chute-croissance-250ml.webp,0,0,0
1680256794267,36,https://pharma-shop.tn/-58,304,Not Modified,Thread Group 1-1,,true,,739,1127,1,1,https://pharma-shop.tn/16640-home_default/biotifort-pack-3-mois-360-gelules.webp,0,0,0
1680256794270,35,https://pharma-shop.tn/-59,304,Not Modified,Thread Group 1-1,,true,,739,1143,1,1,https://pharma-shop.tn/4790-home_default/vichy-dercos-aminexil-clinical-5-femme-21-ampoules.webp,0,0,0
1680256794271,37,https://pharma-shop.tn/-60,304,Not Modified,Thread Group 1-1,,true,,735,1134,1,1,https://pharma-shop.tn/9312-home_default/cadiveu-instant-restructuring-vials-615ml.webp,0,0,0
1680256794277,34,https://pharma-shop.tn/-61,304,Not Modified,Thread Group 1-1,,true,,735,1158,1,1,https://pharma-shop.tn/18593-home_default/phyto-phytocyane-traitement-anti-chute-progressive-femme-12-5-ml.webp,0,0,0
1680256794293,35,https://pharma-shop.tn/-62,304,Not Modified,Thread Group 1-1,,true,,740,1158,1,1,https://pharma-shop.tn/16135-home_default/bioxsine-coffret-serum-anti-chute-350mlserum-forte-spray-60ml-50.webp,0,0,0
1680256794298,34,https://pharma-shop.tn/-63,304,Not Modified,Thread Group 1-1,,true,,739,1166,1,1,https://pharma-shop.tn/7123-home_default/vichy-dercos-densi-solutions-concentre-createur-de-masse-capillaire-100ml.webp,0,0,0
1680256794303,35,https://pharma-shop.tn/-64,304,Not Modified,Thread Group 1-1,,true,,744,1143,1,1,https://pharma-shop.tn/11632-home_default/phyto-phytophanere-cheveux-et-ongles-120-capsules.webp,0,0,0
1680256794305,41,https://pharma-shop.tn/-65,304,Not Modified,Thread Group 1-1,,true,,731,1152,1,1,https://pharma-shop.tn/9390-home_default/dermedic-capilarte-shampooing-anti-chute-et-repousse-300-ml.webp,0,0,0
1680256794308,36,https://pharma-shop.tn/-66,304,Not Modified,Thread Group 1-1,,true,,737,1158,1,1,https://pharma-shop.tn/18583-home_default/bioxsine-shampooing-anti-chute-forte-tous-types-de-cheveux-300ml.webp,0,0,0
1680256794312,46,https://pharma-shop.tn/-67,304,Not Modified,Thread Group 1-1,,true,,737,1130,1,1,https://pharma-shop.tn/5360-home_default/novophane-shampoing-energisant-200-ml.webp,0,0,0
1680256794328,36,https://pharma-shop.tn/-68,304,Not Modified,Thread Group 1-1,,true,,735,1141,1,1,https://pharma-shop.tn/5156-home_default/ducray-anaphase-shampooing-creme-stimulant-200ml.webp,0,0,0
1680256794332,35,https://pharma-shop.tn/-69,304,Not Modified,Thread Group 1-1,,true,,733,1140,1,1,https://pharma-shop.tn/7439-home_default/phyto-phytokeratine-shampooing-reparateur-200ml.webp,0,0,0
1680256794338,37,https://pharma-shop.tn/-70,304,Not Modified,Thread Group 1-1,,true,,735,1125,1,1,https://pharma-shop.tn/7312-home_default/phyto-phytokeratine-masque-200ml.webp,0,0,0
1680256794344,36,https://pharma-shop.tn/-71,304,Not Modified,Thread Group 1-1,,true,,737,1148,1,1,https://pharma-shop.tn/7438-home_default/phyto-phytokeratine-spray-reparateur-thermo-actif-150ml.webp,0,0,0
1680256794346,37,https://pharma-shop.tn/-72,304,Not Modified,Thread Group 1-1,,true,,733,1137,1,1,https://pharma-shop.tn/5319-home_default/ultraliss-masque-lissant-a-la-keratine-100ml.webp,0,0,0
1680256794358,34,https://pharma-shop.tn/-73,304,Not Modified,Thread Group 1-1,,true,,735,1149,1,1,https://pharma-shop.tn/5320-home_default/phyteal-ultraliss-shampooing-lissant-a-la-keratine-250ml.webp,0,0,0
1680256794364,33,https://pharma-shop.tn/-74,304,Not Modified,Thread Group 1-1,,true,,737,1144,1,1,https://pharma-shop.tn/5316-home_default/phyteal-ultraliss-serum-traitant-a-la-keratine-40ml.webp,0,0,0
1680256794368,39,https://pharma-shop.tn/-75,304,Not Modified,Thread Group 1-1,,true,,733,1121,1,1,https://pharma-shop.tn/1325-home_default/keratin-q10-shampooing-200ml.webp,0,0,0
1680256794376,35,https://pharma-shop.tn/-76,304,Not Modified,Thread Group 1-1,,true,,731,1152,1,1,https://pharma-shop.tn/13894-home_default/phyto-phytokeratine-extreme-la-creme-de-soin-lavante-75-ml.webp,0,0,0
1680256794380,46,https://pharma-shop.tn/-77,304,Not Modified,Thread Group 1-1,,true,,733,1136,1,1,https://pharma-shop.tn/2812-home_default/phyto-phytokeratine-extreme-shampoing-200ml.webp,0,0,0
1680256794383,35,https://pharma-shop.tn/-78,304,Not Modified,Thread Group 1-1,,true,,733,1139,1,1,https://pharma-shop.tn/2841-home_default/nutricap-keratine-vitalite-cheveux-30-capsules.webp,0,0,0
1680256794393,32,https://pharma-shop.tn/-79,304,Not Modified,Thread Group 1-1,,true,,742,1140,1,1,https://pharma-shop.tn/themes/pharmashop/assets/img/modules/appagebuilder/images/coffret1.png,0,0,0
1680256794397,35,https://pharma-shop.tn/-80,304,Not Modified,Thread Group 1-1,,true,,741,1124,1,1,https://pharma-shop.tn/18850-home_default/filorga-xmas-cracker-smoothing.webp,0,0,0
1680256794408,39,https://pharma-shop.tn/-81,304,Not Modified,Thread Group 1-1,,true,,735,1147,1,1,https://pharma-shop.tn/19131-home_default/natura-siberica-coffret-beauté-éclat-visage.webp,0,0,0
1680256794411,40,https://pharma-shop.tn/-82,304,Not Modified,Thread Group 1-1,,true,,733,1152,1,1,https://pharma-shop.tn/19266-home_default/dermedic-hydrain-3-creme-de-nuit-hydratante-anti-age-55-ml.webp,0,0,0
1680256794418,40,https://pharma-shop.tn/-83,304,Not Modified,Thread Group 1-1,,true,,735,1146,1,1,https://pharma-shop.tn/17656-home_default/filorga-ncef-coffret-routine-regeneration-intensive-.webp,0,0,0
1680256794425,32,https://pharma-shop.tn/-84,304,Not Modified,Thread Group 1-1,,true,,739,1136,1,1,https://pharma-shop.tn/17665-home_default/filorga-coffret-programme-anti-age-global-.webp,0,0,0
1680256794427,38,https://pharma-shop.tn/-85,304,Not Modified,Thread Group 1-1,,true,,741,1130,1,1,https://pharma-shop.tn/12206-home_default/coffret-filorga-duo-effet-peau-neuve.webp,0,0,0
1680256794432,34,https://pharma-shop.tn/-86,304,Not Modified,Thread Group 1-1,,true,,736,1167,1,1,https://pharma-shop.tn/12210-home_default/coffret-filorga-global-repair-programme-nutri-jeunesse-multi-revitalisant.webp,0,0,0
1680256794447,36,https://pharma-shop.tn/-87,304,Not Modified,Thread Group 1-1,,true,,733,1144,1,1,https://pharma-shop.tn/9334-home_default/babylin-s-sac-naissance-creme-de-change-75g-offerte.webp,0,0,0
1680256794452,35,https://pharma-shop.tn/-88,304,Not Modified,Thread Group 1-1,,true,,732,1125,1,1,https://pharma-shop.tn/17661-home_default/trousse-bebe-the-good-dinosaure.webp,0,0,0
1680256794457,33,https://pharma-shop.tn/-89,304,Not Modified,Thread Group 1-1,,true,,747,1130,1,1,https://pharma-shop.tn/17484-home_default/trousse-bebe-babar-le-petit-elephant.webp,0,0,0
1680256794458,36,https://pharma-shop.tn/-90,304,Not Modified,Thread Group 1-1,,true,,743,1125,1,1,https://pharma-shop.tn/17662-home_default/trousse-bebe-the-cute-dinosaure.webp,0,0,0
1680256794465,35,https://pharma-shop.tn/-91,304,Not Modified,Thread Group 1-1,,true,,743,1126,1,1,https://pharma-shop.tn/12737-home_default/mini-trousse-bebe-dinosaure-bleu.webp,0,0,0
1680256794466,34,https://pharma-shop.tn/-92,304,Not Modified,Thread Group 1-1,,true,,737,1116,1,1,https://pharma-shop.tn/6160-home_default/esthelle-calino-coffret.webp,0,0,0
1680256794483,35,https://pharma-shop.tn/-93,304,Not Modified,Thread Group 1-1,,true,,737,1128,1,1,https://pharma-shop.tn/12649-home_default/trousse-naissance-baby-ourson-bleu.webp,0,0,0
1680256794487,38,https://pharma-shop.tn/-94,304,Not Modified,Thread Group 1-1,,true,,735,1141,1,1,https://pharma-shop.tn/14910-home_default/clarenia-gel-eclaircissant-zones-intimes-100-ml.webp,0,0,0
1680256794490,34,https://pharma-shop.tn/-95,304,Not Modified,Thread Group 1-1,,true,,737,1169,1,1,https://pharma-shop.tn/14922-home_default/la-roche-posay-anthelios-xl-gel-creme-toucher-sec-anti-brillance-spf50-50ml.webp,0,0,0
1680256794494,38,https://pharma-shop.tn/-96,304,Not Modified,Thread Group 1-1,,true,,731,1125,1,1,https://pharma-shop.tn/3764-home_default/pharmaceris-w-purialbucin-mousse.webp,0,0,0
1680256794501,33,https://pharma-shop.tn/-97,304,Not Modified,Thread Group 1-1,,true,,737,1133,1,1,https://pharma-shop.tn/6482-home_default/dermedic-hydrain-3-eau-micellaire-500-ml.webp,0,0,0
1680256794501,36,https://pharma-shop.tn/-98,304,Not Modified,Thread Group 1-1,,true,,734,1144,1,1,https://pharma-shop.tn/7655-home_default/avene-cicalfate-creme-reparatrice-protectrice-100ml.webp,0,0,0
1680256794518,46,https://pharma-shop.tn/-99,304,Not Modified,Thread Group 1-1,,true,,735,1138,1,1,https://pharma-shop.tn/16682-home_default/eric-favre-programme-10-jours-pure-collagen-.webp,0,0,0
1680256794525,36,https://pharma-shop.tn/-100,304,Not Modified,Thread Group 1-1,,true,,737,1142,1,1,https://pharma-shop.tn/5060-home_default/dermedic-hydrain-3-gel-creme-ultra-hydratant-50gr.webp,0,0,0
1680256794525,35,https://pharma-shop.tn/-101,304,Not Modified,Thread Group 1-1,,true,,739,1129,1,1,https://pharma-shop.tn/11929-home_default/mousse-nettoyante-flash-eclat-200ml.webp,0,0,0
1680256794532,37,https://pharma-shop.tn/-102,304,Not Modified,Thread Group 1-1,,true,,731,1139,1,1,https://pharma-shop.tn/7484-home_default/avene-hydrance-legere-emulsion-hydratante-40ml.webp,0,0,0
1680256794535,33,https://pharma-shop.tn/-103,304,Not Modified,Thread Group 1-1,,true,,739,1128,1,1,https://pharma-shop.tn/5070-home_default/sesderma-c-vit-liposomal-serum-30ml.webp,0,0,0
1680256794537,38,https://pharma-shop.tn/-104,304,Not Modified,Thread Group 1-1,,true,,735,1119,1,1,https://pharma-shop.tn/17534-home_default/svr-sebiaclear-serum-30ml.webp,0,0,0
1680256794561,35,https://pharma-shop.tn/-105,304,Not Modified,Thread Group 1-1,,true,,741,1132,1,1,https://pharma-shop.tn/8643-home_default/forte-pharma-expert-collagene-20-sticks.webp,0,0,0
1680256794561,34,https://pharma-shop.tn/-106,304,Not Modified,Thread Group 1-1,,true,,737,1136,1,1,https://pharma-shop.tn/11558-home_default/daylong-extreme-lotion-solaire-spf50-100ml.webp,0,0,0
1680256794564,36,https://pharma-shop.tn/-107,304,Not Modified,Thread Group 1-1,,true,,735,1125,1,1,https://pharma-shop.tn/16683-home_default/svr-sebiaclear-micro-peel-150ml.webp,0,0,0
1680256794568,36,https://pharma-shop.tn/-108,304,Not Modified,Thread Group 1-1,,true,,736,1115,1,1,https://pharma-shop.tn/18841-home_default/gluta-light-14-sticks.webp,0,0,0
1680256794569,37,https://pharma-shop.tn/-109,304,Not Modified,Thread Group 1-1,,true,,739,1140,1,1,https://pharma-shop.tn/18877-home_default/clarenia-gb5-sérum-peeling-exfoliant-30ml.webp,0,0,0
1680256794575,35,https://pharma-shop.tn/-110,304,Not Modified,Thread Group 1-1,,true,,736,1137,1,1,https://pharma-shop.tn/themes/pharmashop/assets/img/modules/appagebuilder/images/sport.png,0,0,0
1680256794595,33,https://pharma-shop.tn/-111,304,Not Modified,Thread Group 1-1,,true,,738,1142,1,1,https://pharma-shop.tn/themes/pharmashop/assets/img/modules/appagebuilder/images/animalerie.png,0,0,0
1680256794596,36,https://pharma-shop.tn/-112,304,Not Modified,Thread Group 1-1,,true,,744,1142,1,1,https://pharma-shop.tn/themes/pharmashop/assets/img/modules/appagebuilder/images/maquillage.png,0,0,0
1680256794600,35,https://pharma-shop.tn/-113,304,Not Modified,Thread Group 1-1,,true,,796,1087,1,1,https://pharma-shop.tn/img/cms/iconl.svg,0,0,0
1680256794604,33,https://pharma-shop.tn/-114,304,Not Modified,Thread Group 1-1,,true,,792,1087,1,1,https://pharma-shop.tn/img/cms/icon2.svg,0,0,0
1680256794606,36,https://pharma-shop.tn/-115,304,Not Modified,Thread Group 1-1,,true,,791,1087,1,1,https://pharma-shop.tn/img/cms/icon3.svg,0,0,0
1680256794611,35,https://pharma-shop.tn/-116,304,Not Modified,Thread Group 1-1,,true,,806,1087,1,1,https://pharma-shop.tn/img/cms/icon4.svg,0,0,0
1680256794628,33,https://pharma-shop.tn/-117,304,Not Modified,Thread Group 1-1,,true,,736,1092,1,1,https://pharma-shop.tn/img/cms/logofooter.png,0,0,0
1680256794632,32,https://pharma-shop.tn/-118,304,Not Modified,Thread Group 1-1,,true,,689,1163,1,1,https://pharma-shop.tn/cdn-cgi/scripts/5c5dd728/cloudflare-static/email-decode.min.js,0,0,0
1680256794636,35,https://pharma-shop.tn/-119,304,Not Modified,Thread Group 1-1,,true,,804,1120,1,1,https://pharma-shop.tn/themes/pharmashop/assets/cache/bottom-fbcb4b952.js,0,0,0
1680256794674,40,https://www.google-analytics.com/j/collect?v=1&_v=j99&a=382515470&t=pageview&_s=1&dl=https%3A%2F%2Fpharma-shop.tn%2F&ul=fr-fr&de=UTF-8&dt=Votre%20premi%C3%A8re%20parapharmacie%20en%20ligne%20en%20Tunisie&sd=24-bit&sr=1536x864&vp=1531x664&je=0&_u=AACAAEIJAAAAACAAI~&jid=&gjid=&cid=1966698233.1680104207&tid=UA-71713758-1&_gid=582023006.1680254087&_slc=1&did=d6YPbH&z=462389109,200,OK,Thread Group 1-1,text,true,,440,721,1,1,https://www.google-analytics.com/j/collect,39,0,0
1680256794714,51,https://bootstrap.smartsuppchat.com/widget/b9690c990e4111de60bc2b144aa143172e19e795.json,304,Not Modified,Thread Group 1-1,,true,,305,473,1,1,https://bootstrap.smartsuppchat.com/widget/b9690c990e4111de60bc2b144aa143172e19e795.json,0,0,0
1680256794766,40,https://widget-v2.smartsuppcdn.com/asset-manifest.json,304,Not Modified,Thread Group 1-1,,true,,488,470,1,1,https://widget-v2.smartsuppcdn.com/asset-manifest.json,0,0,0
1680256794806,35,https://translations.smartsuppcdn.com/api/v1/widget/translations/lang/fr/defaults,304,Not Modified,Thread Group 1-1,,true,,462,427,1,1,https://translations.smartsuppcdn.com/api/v1/widget/translations/lang/fr/defaults,0,0,0
1680256782531,9019,Test,,"Number of samples in transaction : 18, number of failing samples : 1",Thread Group 1-1,,false,,8693818,215358,1,1,null,3656,3291,1539
